{
	"E04D": [
		46.556599,
		-122.567299
	],
	"F05D": [
		45.885201,
		-121.459702
	]
}